client_identifier,email,country,bitcoin_address,credit_card_type
62,bbarham1p@wisc.edu,Netherlands,16qpYVt6YAAx4JYjzbA8SwTUHoTyB4twRF,jcb
105,linfante2w@telegraph.co.uk,Netherlands,13j6FKzrLgumLUqeYH4baeY5qZgiwGW5UC,jcb
109,mdory30@uiuc.edu,Netherlands,1HxV2jkyM3PXbsH4qGsVX3hwcAb4SMi4AD,jcb
165,hheinecke4k@altervista.org,Netherlands,1KgbP1KXt5xs2sBLudwt7SZM14NZXN2yNd,jcb
189,etsar58@ovh.net,Netherlands,1PktCHyic9G4aZu15Dd3N1PUf45wW4MmFs,jcb
194,igreated5d@live.com,Netherlands,12KTfvJwTfnJn3dFtZ8KaLycn5noXetTFo,jcb
199,esurcombe5i@bigcartel.com,United Kingdom,1GYuD7hkkRkCeVcx9tMXzQ1LwfAUcHUQfN,jcb
255,jknowler72@nba.com,Netherlands,1JtjCw3Nj42ZPgeFkgFJAPcVCyvt4sMLPh,jcb
293,lropartz84@meetup.com,Netherlands,1PJgSoTde2rSpfYRYpied1y35KVke7kvXo,jcb
296,hmcpake87@bravesites.com,Netherlands,1A3rYCZeBfy1V1W3ypcfVdZm6TCU3TFkLv,jcb
345,tcosten9k@unc.edu,United Kingdom,17AGnU1HVmvAt8gwZ4PoF8bGiPS4ARbRxi,jcb
379,tjahnelai@bbb.org,Netherlands,1HZN5ZVgPqK1iVLKVMxH658kZ3pBDBcEw,jcb
390,lblydeat@senate.gov,United Kingdom,1FpFASo8TTHYuefzybjiNyDfuaFmBGoGwn,jcb
414,jgammonsbh@goo.ne.jp,United Kingdom,14mRf7cFYsFjerWYsVWEvGN2zRM7tsLVpT,jcb
513,fcicceralee8@vk.com,Netherlands,18zM2XeTncgJJTm14LDhWbMeUE3nvA8NoD,jcb
529,chardikereo@posterous.com,Netherlands,14TyQs6ta2MhC2erewxosQTjmrvn2P4Gzo,jcb
577,ccolqueteg0@jiathis.com,Netherlands,12EgsYruxuyrwHi6bDC9FXqzGAmuUawHKH,jcb
601,pkynclgo@miibeian.gov.cn,United Kingdom,14GghoTqBDngp1V9PjrdPakZnNZi8VZ8F6,jcb
616,dgwilth3@mapquest.com,Netherlands,1H168tEGqoEeeNDaWmNjyEiubqTz3ZdoKG,jcb
628,ccasseldinehf@kickstarter.com,Netherlands,14EWQTXkWhfiQKkKn5JuD5h3EqzLatXbsQ,jcb
643,penglishhu@google.com.hk,Netherlands,1BqmYwtSwbG8qWUJyqn8TQPB4pWXAx3jMa,jcb
665,rklampig@mapquest.com,United Kingdom,12SF66BTEEAYca9V2JFcty3WmsSksTTsSN,jcb
691,bkidstounj6@senate.gov,Netherlands,1BMrJy7Ac4pAyq8ciBFfGhATAgcHXaPb6P,jcb
701,nwhittersjg@networkadvertising.org,Netherlands,1Jb4hNfMJy5g4hPtT8kQQ4bbhGdwTbnmjp,jcb
711,cguesfordjq@blogs.com,Netherlands,1HsSjH6FpNqbFRckMitfzzPMvXiKHDDL3p,jcb
733,fdaulbykc@cocolog-nifty.com,United Kingdom,1MJkvsA6ebFvXFasuJxZvfKNBReLTsA3Kr,jcb
751,callibandku@scribd.com,Netherlands,16pUgN3CTqFCLB2pmBSUjoxyZEreQu4AvB,jcb
760,sbathaml3@twitter.com,Netherlands,1PapZUVtXEaqD14JtSUhhZcPWR61aNK9kS,jcb
781,dillingsworthlo@geocities.com,United Kingdom,16kmMSiv2d6K4VEat2VN1ifv3JhotXKMK6,jcb
798,jhugninm5@ocn.ne.jp,Netherlands,15tgDNJrxLs78sVijcBeCriRURp24JDqB9,jcb
812,pshortenmj@vimeo.com,Netherlands,1Mr6usqpuYeS431Vzycq8GpwuMCipdP3mw,jcb
837,ydowningn8@fastcompany.com,Netherlands,1E7ZJuTeuSG8Sj4ocNWMymJLERfD1qDYA7,jcb
864,llamartinenz@kickstarter.com,United Kingdom,13B25YDx2MSG2sUietvwkxzpov4XpDjqwC,jcb
914,qwellesleypd@forbes.com,Netherlands,16FJCTiriaZCgyfnWCiJnua1Bka3aBjgrt,jcb
942,dcrepinq5@wisc.edu,Netherlands,1JK5tVtebu1Dd2gAXcTaS1UCB5BMGijuqa,jcb
954,rizkovitzqh@thetimes.co.uk,Netherlands,1MQGXo6xCKnPkRfTyjUyrQ2b4DtxxgoKyG,jcb
972,abambqz@alexa.com,United Kingdom,1HkNSAP8Jm58DBiboFDsv916XJCYsfLrdg,jcb
996,cbossonsrn@skype.com,United Kingdom,1DVbpgQBtf9ouzcCZoWmzLLXRXR56HMQva,jcb
329,mnurny94@wikia.com,United Kingdom,18nNxGMaqhqrt4sZs5h3fQDDLpJL5wopFy,solo
467,aanderercy@ameblo.jp,Netherlands,1HHBi9Yt592V74bU5PihuSGekNhGzNGaAw,solo
726,sbarltropk5@cargocollective.com,Netherlands,13LecqUHZxxptc47RXRDcvhDgQHwxqTKVV,solo
862,pmazellanx@cocolog-nifty.com,Netherlands,1GcWp25A1odq7XCoG6HyiCJ2UYDREWrgVP,solo
881,pfenechog@de.vu,Netherlands,16y7pXoKxg3WrBumhLPq3JoTjhCNtCgEMq,solo
605,kcahengs@bloglines.com,Netherlands,1EMUu7w62n5GzRTZ4ZGTUKMwLppUyrD2Pw,visa
706,swaddilovejl@yahoo.com,United Kingdom,1HHENRw3k9UaA8uVEKnT5dc46jaQcHwiLf,visa
848,rlampenj@istockphoto.com,United Kingdom,1CMFYs2K4EyHecdw7Z3oT6a56iVaKG1bM5,visa
360,bdebeauchemp9z@imageshack.us,Netherlands,1DTzwp1kZCBx9FED2678d5g5ArrefirrXW,laser
436,pomannionc3@yandex.ru,Netherlands,1xVt3FxfHQvzXPhXVp6VRSEydUUVzRWK7,laser
845,omockettng@redcross.org,Netherlands,18UeESWffKqdqg23yfZfZcYAkPVT6cmuD6,laser
508,csaltsbergere3@netlog.com,United Kingdom,1N4UFev4krTiWmC1Sbygy1NdxrJxMDsm6D,switch
548,lfeatherstonehaughf7@dagondesign.com,United Kingdom,1482bkXGupDD66ypoGjdVuewXr3BaK51fE,switch
621,mhainsh8@parallels.com,Netherlands,1MdkbruxnQR61UYstTpKsoqP3fUziVQwei,switch
774,parrighettilh@sogou.com,Netherlands,1Myco7rqZBPkR5XdyfqkPot9aPPvJvFZS9,switch
785,mdenajerals@sourceforge.net,Netherlands,12N2XC2Mxzu6eLd2CTQkS8NKtdYTXvr2kS,switch
894,mcicconeot@mac.com,Netherlands,1HTBF19dSGssNoC8VWcv3BWbBpi7jYvEZd,switch
32,wbamfordv@t-online.de,United Kingdom,12sxmYnPcADAXw1YkxdapRsft2PwHZke7A,maestro
108,rpartkya2z@cdc.gov,Netherlands,1RcsodKknm8thkCL6F4Vcmo7f4A7r6ydj,maestro
124,wdarco3f@geocities.com,Netherlands,1CB7AdhTFBXmxuABm58yKmCmsvVqDjT9P1,maestro
294,lmacaskie85@sina.com.cn,United Kingdom,1DNGHS7oy3K38AnzdAUt8sDw2Dc4WWCj3e,maestro
788,cbickelllv@cbc.ca,United Kingdom,16DZD1xnSSbwAm1mbLYJSp56d7Z1TEofZD,maestro
67,lbeavors1u@technorati.com,United Kingdom,12ya1ED93ApPBQRSCuqiehip8KfPEzXYaj,bankcard
749,mbellenyks@salon.com,Netherlands,17qnQP62quZFAzU7QXFpHjMugPcFyoMXHm,bankcard
966,lmacallesterqt@omniture.com,United Kingdom,18Mxz7iRKxcGqUyYprSWBEHPpRc5HPdAKa,bankcard
33,swestallw@blinklist.com,United Kingdom,1GZ7QB7GUFSWnkBHmsj4C4EZYMWni6BVn4,mastercard
70,fdresse1x@bloglines.com,United Kingdom,1F8zXTEaf4AFpztMNzQZfo5NUreptaArTD,mastercard
239,hgolley6m@nydailynews.com,Netherlands,19KrAve717pGFqYLiQvw63yV3Ar6XabJhD,mastercard
367,mmaghulla6@dmoz.org,Netherlands,1FCv1LeZu798EhajuFMZg49zb5D7KTMZWE,mastercard
450,awarringtonch@sogou.com,Netherlands,15wYxjYgszjPnSwa4b3nvkdLfdBMTprQ9y,mastercard
514,meliee9@angelfire.com,Netherlands,191c14CjzgK9DZGE9viRPMyGDqhc2oR46F,mastercard
582,lsneezumg5@virginia.edu,United Kingdom,18rq3Gymm7G1gaSLarTBvigCCd1UAmWQP7,mastercard
627,edaenshe@si.edu,United Kingdom,1HBMpsqrFAcMedVt1kUwzvxjtVcExbiAdV,mastercard
656,gshirdi7@baidu.com,Netherlands,1PUPePBi6wUMGZomfTqcXojjwYQk7Ha2cu,mastercard
803,rdoddma@slashdot.org,United Kingdom,1Croxyx7soHCoDY5Q1ta5Wq9CuY7tK4aGV,mastercard
952,cgomerqf@a8.net,United Kingdom,18xzobimRTpaiVjfBajSGaG7JpZeGjzfug,mastercard
34,erosengrenx@usatoday.com,United Kingdom,12o8zrHx6snCPbtkoD9im4ozBtNkHRjeRV,visa-electron
482,vclarisdd@aol.com,United Kingdom,1477584qcLw6e2TntjCVBXJAwnS5tUTQJb,visa-electron
910,gtremeerp9@themeforest.net,United Kingdom,15Bowgs1P3hPwXvhfLCQEftuDmXG5Rfz71,visa-electron
947,jmuntqa@scribd.com,United Kingdom,1BJQYwAftZ3UJJpRAERDCcgAkrUZNH6D7g,visa-electron
984,btodeorb@discuz.net,Netherlands,1LCEj6JuVMjBt6wstfNCofLwWgsgm99NMZ,visa-electron
18,rdrinanh@odnoklassniki.ru,United Kingdom,1ErM8yuF3ytzzxLy1uPvQuRveLBygxN15x,china-unionpay
110,rswindle31@tmall.com,Netherlands,15cRJ4mzZd4Vgd33xbVjEtYw9c6f1WfGkC,china-unionpay
873,lmcgillivrieo8@columbia.edu,Netherlands,1N75fjtmFdQJmMpacg4oUdt7cWYJXpdKD1,china-unionpay
928,cmulvanypr@etsy.com,United Kingdom,16J36sqG4rFfabKcwBoxApRuEQUT3T9JPg,china-unionpay
177,awissbey4w@geocities.jp,United Kingdom,1AJzqEgbbFh2TNLFZrWp1XgCY16gQQ3pBe,americanexpress
248,mbrewer6v@facebook.com,Netherlands,16WS73NGVmHfpuWqPkEjN9pirzG9qkgvPJ,americanexpress
326,calred91@ted.com,Netherlands,16tRkPChNu4RTqJ7tkZa52os2HZvh2hjif,americanexpress
406,jwhitbreadb9@accuweather.com,Netherlands,1BbeY2TE3u7ARieG5FKuSZzbLFHyBkFoQF,americanexpress
462,nfitzalanct@japanpost.jp,Netherlands,13FaRnAGPb53jC6cw4dQF5qM8XTGRWrY6s,americanexpress
755,krangerky@apple.com,Netherlands,13MLLGGZBp6y24hg13bFA8org9qwwup2fK,americanexpress
128,vnapthine3j@ning.com,Netherlands,16DbYq1KR8DVSQu5E9WU9ohuofBm5AHB2Q,diners-club-enroute
197,pvolette5g@ask.com,United Kingdom,1Q6UV84patYXfzEdAabyanzRe4cpNHdfkC,diners-club-enroute
486,hpechdh@blogs.com,Netherlands,1CUeR37xJkVY9jVoAh9UYJc4c85RpnNcmD,diners-club-enroute
766,afaulkesl9@narod.ru,United Kingdom,1MMDugKsUTFEyrTGnoUQrcFCHARHkggVAw,diners-club-enroute
924,jbootlandpn@nbcnews.com,United Kingdom,1GxYQAdNCqqnxJckfxnMapSaXrD7ktkHFv,diners-club-enroute
91,aeplate2i@webeden.co.uk,United Kingdom,19MZSy1H8S4SaXsmSc3n7AaL2GxQkQkEZx,diners-club-carte-blanche
299,cantunez8a@booking.com,Netherlands,1C74dmFYGZiSzsZH6Lw41bWCu8U3mTvcth,diners-club-carte-blanche
354,wochterlonie9t@ebay.com,Netherlands,16Q23WzZFnnADqSq9z2oRDJZE7SJ2bFHrS,diners-club-carte-blanche
964,atartqr@miitbeian.gov.cn,Netherlands,1HWtSdZgMPTEdzHTAhmnAcFHf3MTasz7zE,diners-club-carte-blanche
981,gschurcker8@army.mil,Netherlands,19158kwDCddVMpQPUKdLz33yfks1cKbKPE,diners-club-carte-blanche
36,dbuckthorpz@tmall.com,Netherlands,15X53Z9B9jUNrvFpbr7D554uSc5RL7Pnkg,diners-club-international